;Cluster;cluster;signal;ID;Description;GeneRatio;BgRatio;pvalue;p.adjust;qvalue;geneID;Count;GENEID
5;EE.Downregulated_yMB;EE;Downregulated_yMB;GO:0031346;positive regulation of cell projection organization;76/1749;463/28891;1,88E-15;2,19E-12;1,50E-12;329165/11423/216739/52906/68050/11785/11789/69710/11881/11977/50769/319974/108100/14025/109880/12323/108686/101565/56430/56320/12305/13430/328572/67425/14063/14265/214459/70300/14360/14567/99412/15114/208727/21821/71955/16403/16438/18519/99982/16590/16974/17005/11426/50791/17755/17118/50884/80987/18011/18015/67287/17344/353047/235611/243725/225849/54633/71461/80913/107746/19713/19735/26564/68750/106298/20713/20807/29819/21812/71900/69981/140810/22359/22415/319740/228880;76;Abi2,Ache,Acsl6,Ahi1,Akirin1,Apbb1,Apc,Arap1,Arsb,Atp7a,Atp8a2,Auts2,Baiap2,Bcl11a,Braf,Camk2b,Ccdc88a,Ccp110,Clip1,Dbn1,Ddr1,Dnm2,Ep300,Eps8l1,F2rl1,Fmr1,Fnbp1l,Fuz,Fyn,Gdi1,Golga2,Hap1,Hdac4,Ift88,Ist1,Itga6,Itpr1,Kat2b,Kdm1a,Kit,Lrp6,Ltk,Macf1,Magi2,Map1b,Marcks,Nckap1,Nckipsd,Neurl1a,Nf1,Parp6,Pias2,Plekhm1,Plxnb1,Ppp1r9a,Ppp2r5b,Pqbp1,Ptk7,Pum2,Rapgef1,Ret,Rgs2,Ror2,Rreb1,Rrn3,Serpini1,Srf,Stau2,Tgfbr1,Tmem106b,Tmem30a,Ttbk2,Vldlr,Wnt3,Zfyve27,Zmynd8
6;EE.Downregulated_yMB;EE;Downregulated_yMB;GO:0016236;macroautophagy;54/1749;268/28891;4,23E-15;4,11E-12;2,81E-12;228361/67166/73683/76559/235040/11975/12176/105513/74374/12752/110147/21821/56048/80877/66734/26409/94178/17918/17966/223649/78246/18711/18715/353047/104009/19328/19335/98732/19349/67588/230784/11739/237782/209131/56274/67727/209478/56480/70381/24088/67846/22034/60599/68728/64930/54609/66530/22241/29869/71742/320528/218035/225131/72145;54;Ambra1,Arl8b,Atg16l2,Atg2b,Atg4d,Atp6v0a1,Bnip3,Chmp7,Clec16a,Cln3,Ehmt2,Ift88,Lgals8,Lrba,Map1lc3a,Map3k7,Mcoln1,Myo5a,Nbr1,Nrbp2,Phf23,Pikfyve,Pim2,Plekhm1,Qsox1,Rab12,Rab23,Rab3gap2,Rab7,Rnf41,Sesn2,Slc25a4,Smcr8,Snx30,Stk3,Stx17,Tbc1d12,Tbk1,Tecpr1,Tlr2,Tmem39a,Traf6,Trp53inp1,Trp53inp2,Tsc1,Ubqln2,Ubxn6,Ulk1,Ulk2,Ulk3,Vps13c,Vps41,Wac,Wdfy3
10;EE.Downregulated_yMB;EE;Downregulated_yMB;GO:0030705;cytoskeleton-dependent intracellular transport;45/1749;214/28891;1,64E-13;9,55E-11;6,54E-11;11775/11776/55946/71435/56350/68724/67166/52028/12121/76895/108686/12752/54161/13518/13424/110350/103583/14252/14265/214459/70300/15114/320191/76568/67694/68259/12589/21821/16569/16574/16594/232943/228355/17755/30957/17257/381269/17909/17912/17918/18536/19290/29819/223697/77097;45;Ap3b2,Ap3d1,Ap3m1,Arhgap21,Arl3,Arl8a,Arl8b,Bbs1,Bicd1,Bicd2,Ccdc88a,Cln3,Copg1,Dst,Dync1h1,Dync2h1,Fbxw11,Flot2,Fmr1,Fnbp1l,Fuz,Hap1,Hook3,Ift46,Ift74,Ift80,Ift81,Ift88,Kif3b,Kif5c,Klc2,Klc3,Madd,Map1b,Mapk8ip3,Mecp2,Mreg,Myo10,Myo1b,Myo5a,Pcm1,Pura,Stau2,Sun2,Tanc2
15;EE.Downregulated_yMB;EE;Downregulated_yMB;GO:0046879;hormone secretion;64/1749;403/28891;1,45E-12;5,64E-10;3,86E-10;268860/11307/11542/11747/54126/545192/12288/12289/66259/320790/12876/12889/12912/13649/14063/233081/233079/107221/15376/54393/103988/381853/14645/14681/14682/14687/76854/14761/15161/21405/16438/67767/16500/75605/228355/26921/17918/17932/56406/18012/76303/26875/18575/18627/53357/67151/19247/19276/19726/320995/116838/380714/214084/170756/58994/20609/20866/20907/21333/230908/22063/22318/381677/69847;64;Abat,Abcg1,Adora3,Anxa5,Arhgef7,Baiap3,Cacna1c,Cacna1d,Camk2n1,Chd7,Cpe,Cplx1,Creb1,Egfr,F2rl1,Ffar1,Ffar2,Ffar4,Foxa2,Gabbr1,Gck,Gipr,Glul,Gnao1,Gnaq,Gnaz,Gper1,Gpr27,Hcfc1,Hnf1a,Itpr1,Jagn1,Kcnb1,Kdm5b,Madd,Map4k4,Myo5a,Myt1,Ncoa6,Neurod1,Osbp,Pclo,Pde1c,Per2,Pla2g6,Psmd9,Ptpn11,Ptprn2,Rfx3,Rfx6,Rims2,Rph3al,Slc18a2,Slc8b1,Smpd3,Sstr5,Stim1,Stx1a,Tac1,Tardbp,Trpc1,Vamp2,Vgf,Wnk4
20;EE.Downregulated_yMB;EE;Downregulated_yMB;GO:0022411;cellular component disassembly;69/1749;462/28891;3,74E-12;1,09E-09;7,44E-10;235130/54194/228361/11789/16801/16800/93760/77044/65973/76559/235040/12176/227634/105513/12683/76707/74374/12752/12305/13423/14063/269514/320806/99412/76854/15277/21405/286942/16578/226519/80877/17755/66734/17758/26921/212307/94178/320878/194401/17318/68041/30800/17957/18195/229534/18627/78246/105787/67588/106583/11739/67453/20586/68094/237782/209131/70997/67727/104015/216965/70381/21812/67846/140810/22241/29869/71742/320528/232341;69;Adamts15,Akap8l,Ambra1,Apc,Arhgef1,Arhgef2,Arid1a,Arid2,Asph,Atg2b,Atg4d,Bnip3,Camsap1,Chmp7,Cidea,Clasp1,Clec16a,Cln3,Ddr1,Dnase2a,F2rl1,Fbxl4,Gfm2,Golga2,Gper1,Hk2,Hnf1a,Kif19a,Kif9,Lamc1,Lrba,Map1b,Map1lc3a,Map4,Map4k4,Mapre2,Mcoln1,Mical2,Mical3,Mid1,Mid1ip1,Mmp20,Napb,Nsf,Pbxip1,Per2,Phf23,Prkaa1,Rnf41,Scaf8,Slc25a4,Slc25a46,Smarca4,Smarcc2,Smcr8,Snx30,Spef1,Stx17,Synj1,Taok1,Tecpr1,Tgfbr1,Tmem39a,Ttbk2,Ulk1,Ulk2,Ulk3,Vps13c,Wnk1
26;EE.Upregulated_yMB;EE;Upregulated_yMB;GO:0050892;intestinal absorption;Jun 44;43/28891;5,11E-11;6,25E-08;3,96E-08;11806/11808/14080/14079/22264/20537;6;Apoa1,Apoa4,Fabp1,Fabp2,Prap1,Slc5a1
28;EE.Upregulated_yMB;EE;Upregulated_yMB;GO:0006869;lipid transport;Sep 44;445/28891;1,98E-08;6,65E-06;4,21E-06;11806/11808/238055/11814/13167/14080/14079/22264/19660;9;Apoa1,Apoa4,Apob,Apoc3,Dbi,Fabp1,Fabp2,Prap1,Rbp2
29;EE.Upregulated_yMB;EE;Upregulated_yMB;GO:0022600;digestive system process;Jun 44;115/28891;2,18E-08;6,65E-06;4,21E-06;11806/11808/14080/14079/22264/20537;6;Apoa1,Apoa4,Fabp1,Fabp2,Prap1,Slc5a1
41;EE.Upregulated_yMB;EE;Upregulated_yMB;GO:0006091;generation of precursor metabolites and energy;Aug 44;484/28891;6,11E-07;4,67E-05;2,96E-05;230163/11814/12857/12858/66142/14433/17449/17448;8;Aldob,Apoc3,Cox4i1,Cox5a,Cox7b,Gapdh,Mdh1,Mdh2
31;EE.Upregulated_yMB;EE;Upregulated_yMB;GO:0007586;digestion;Jun 44;129/28891;4,33E-08;8,82E-06;5,59E-06;11806/11808/14080/14079/22264/20537;6;Apoa1,Apoa4,Fabp1,Fabp2,Prap1,Slc5a1
52;Enterocytes.Downregulated_yMB;Enterocytes;Downregulated_yMB;GO:0140053;mitochondrial gene expression;24/481;166/28891;7,08E-16;1,28E-12;1,10E-12;66077/102060/66419/27395/66448/353242/19935/75398/66845/66223/94066/60441/94067/68836/66047/67840/24030/64659/66407/68565/68735/14548/50529/66399;24;Aurkaip1,Gadd45gip1,Mrpl11,Mrpl15,Mrpl20,Mrpl21,Mrpl23,Mrpl32,Mrpl33,Mrpl35,Mrpl36,Mrpl38,Mrpl43,Mrpl52,Mrpl54,Mrpl57,Mrps12,Mrps14,Mrps15,Mrps18a,Mrps18c,Mrps33,Mrps7,Tsfm
58;Enterocytes.Downregulated_yMB;Enterocytes;Downregulated_yMB;GO:0002181;cytoplasmic translation;14/481;148/28891;2,01E-07;9,08E-05;7,78E-05;68184/66480/19933/68028/68193/19942/19943/19944/114641/67891/67945/19988/19989/22186;14;Denr,Rpl15,Rpl21,Rpl22l1,Rpl24,Rpl27,Rpl28,Rpl29,Rpl31,Rpl4,Rpl41,Rpl6,Rpl7,Uba52
59;Enterocytes.Downregulated_yMB;Enterocytes;Downregulated_yMB;GO:0061844;antimicrobial humoral immune response mediated by antimicrobial peptide;14/481;151/28891;2,58E-07;0,000103476;8,86E-05;20300/23855/68009/66298/382059/497114/503491/626708/13239/12945/16854/16855/18489/67067;14;Ccl25,Defa17,Defa20,Defa21,Defa22,Defa23,Defa24,Defa26,Defa5,Dmbt1,Lgals3,Lgals4,Reg3b,Romo1
65;Enterocytes.Downregulated_yMB;Enterocytes;Downregulated_yMB;GO:0055088;lipid homeostasis;14/481;184/28891;2,79E-06;0,000673003;0,000576378;57875/11806/238055/238011/235283/16420/56428/218203/18145/67963/66844/66397/380712/12257;14;Angptl4,Apoa1,Apob,Enpp7,Gramd1b,Itgb6,Mtch2,Mylip,Npc1,Npc2,Ormdl2,Sar1b,Tlcd2,Tspo
75;Enterocytes.Downregulated_yMB;Enterocytes;Downregulated_yMB;GO:0034976;response to endoplasmic reticulum stress;16/481;266/28891;1,15E-05;0,001660348;0,001421968;27403/23795/51800/26754/76299/66437/16476/74840/18858/66825/66212/28146/68292/75744/69038/66155;16;Abca7,Agr2,Bok,Cops5,Erp44,Fis1,Jun,Manf,Pmp22,Rnf186,Sec61b,Serp1,Stt3b,Svip,Tmem258,Ufc1
76;Enterocytes.Upregulated_yMB;Enterocytes;Upregulated_yMB;GO:0044282;small molecule catabolic process;69/914;353/28891;1,75E-34;9,00E-31;6,62E-31;268860/19299/54608/235674/52538/11370/110446/171210/433256/26876/11532/109254/105387/107747/11674/230163/11816/12015/109857/104158/234564/68631/64385/13142/26378/99586/52430/13177/23986/69123/74147/13806/93685/14073/14080/14635/14433/26912/270076/14544/14719/14751/15107/97212/231086/15211/58875/227095/15488/75731/16548/66887/56174/18105/110959/67528/67041/18534/72129/18634/16922/19193/18746/257635/26458/56362/225913/71767/103149;69;Abat,Abcd3,Abhd2,Acaa1b,Acaa2,Acadvl,Acat1,Acot2,Acsl5,Adh4,Adh5,Adtrp,Akr1c14,Aldh1l1,Aldoa,Aldob,Apoe,Bad,Cbr3,Ces1d,Ces1f,Cryl1,Cyp4f14,Dao,Decr2,Dpyd,Echdc2,Eci1,Eci2,Eci3,Ehhadh,Eno1,Entpd7,Faah,Fabp1,Galk1,Gapdh,Gcat,Gcdh,Gda,Got2,Gpi1,Hadh,Hadha,Hadhb,Hexa,Hibadh,Hibch,Hsd17b4,Idnk,Khk,Lonp2,Nagk,Nqo2,Nudt19,Nudt7,Oxct1,Pck1,Pex13,Pex7,Phyh,Pipox,Pkm,Sdsl,Slc27a2,Sult1b1,Tkfc,Tysnd1,Upb1
77;Enterocytes.Upregulated_yMB;Enterocytes;Upregulated_yMB;GO:0006631;fatty acid metabolic process;72/914;463/28891;2,60E-29;6,69E-26;4,92E-26;19299/54608/235674/52538/11370/110446/171210/14081/433256/26876/11532/68465/109254/105387/11886/54447/12266/104158/13897/234564/12623/234673/72361/68631/13088/72082/69888/433247/76279/13110/71519/64385/102294/231871/26378/67800/52430/13177/23986/69123/74147/170439/13850/14073/14080/14261/226564/270076/625249/14865/15107/97212/231086/15488/231070/66887/226856/17001/20185/110959/67528/18534/72129/18634/16922/18984/108099/96979/56351/67103/26458/71767;72;Abcd3,Abhd2,Acaa1b,Acaa2,Acadvl,Acat1,Acot2,Acsl1,Acsl5,Adh4,Adh5,Adipor2,Adtrp,Akr1c14,Asah1,Asah2,C3,Ces1d,Ces1e,Ces1f,Ces1g,Ces2e,Ces2g,Cryl1,Cyp2b10,Cyp2c55,Cyp2c66,Cyp2c68,Cyp2d26,Cyp2j6,Cyp2u1,Cyp4f14,Cyp4v3,Daglb,Decr2,Dgat2,Echdc2,Eci1,Eci2,Eci3,Ehhadh,Elovl6,Ephx2,Faah,Fabp1,Fmo1,Fmo4,Gcdh,Gpx4,Gstm4,Hadh,Hadha,Hadhb,Hsd17b4,Insig1,Lonp2,Lpgat1,Ltc4s,Ncor1,Nudt19,Nudt7,Pck1,Pex13,Pex7,Phyh,Por,Prkag2,Ptges2,Ptges3,Ptgr1,Slc27a2,Tysnd1
84;Enterocytes.Upregulated_yMB;Enterocytes;Upregulated_yMB;GO:0006091;generation of precursor metabolites and energy;67/914;484/28891;2,28E-24;1,31E-21;9,60E-22;110446/11429/26876/11532/69117/107747/11674/230163/11676/103172/72170/52637/67892/12850/66445/235339/13806/14121/14194/14635/14433/14555/14751/56637/216019/15925/93757/16548/76824/20185/67273/68202/67130/68194/230075/67264/227197/68349/75406/225887/17995/72900/78330/18293/67041/18597/18648/66171/66681/18746/71701/18984/105675/70673/108099/56351/66945/66052/14385/54403/56632/20916/20917/225913/22273/66694/269523;67;Acat1,Aco2,Adh4,Adh5,Adh6a,Aldh1l1,Aldoa,Aldob,Aldoc,Chchd10,Chchd4,Cisd1,Coa6,Coq7,Cyc1,Dlat,Eno1,Fbp1,Fh1,Galk1,Gapdh,Gpd1,Gpi1,Gsk3b,Hkdc1,Ide,Immp2l,Khk,Mtfr1l,Ncor1,Ndufa10,Ndufa5,Ndufa6,Ndufb4,Ndufb6,Ndufb8,Ndufs1,Ndufs3,Ndufs7,Ndufs8,Ndufv1,Ndufv2,Ndufv3,Ogdh,Oxct1,Pdha1,Pgam1,Pgls,Pgm2,Pkm,Pnpt1,Por,Ppif,Prdm16,Prkag2,Ptges3,Sdha,Sdhc,Slc37a4,Slc4a4,Sphk2,Sucla2,Suclg2,Tkfc,Uqcrc1,Uqcrfs1,Vcp
85;Enterocytes.Upregulated_yMB;Enterocytes;Upregulated_yMB;GO:0072329;monocarboxylic acid catabolic process;37/914;138/28891;4,02E-24;2,07E-21;1,52E-21;19299/54608/235674/52538/11370/110446/171210/433256/109254/104158/234564/68631/64385/26378/52430/13177/23986/69123/74147/14073/14080/270076/15107/97212/231086/15211/15488/75731/66887/110959/67528/18534/72129/18634/16922/26458/71767;37;Abcd3,Abhd2,Acaa1b,Acaa2,Acadvl,Acat1,Acot2,Acsl5,Adtrp,Ces1d,Ces1f,Cryl1,Cyp4f14,Decr2,Echdc2,Eci1,Eci2,Eci3,Ehhadh,Faah,Fabp1,Gcdh,Hadh,Hadha,Hadhb,Hexa,Hsd17b4,Idnk,Lonp2,Nudt19,Nudt7,Pck1,Pex13,Pex7,Phyh,Slc27a2,Tysnd1
100;Enterocytes.Upregulated_yMB;Enterocytes;Upregulated_yMB;GO:0015980;energy derivation by oxidation of organic compounds;44/914;350/28891;7,35E-15;1,51E-12;1,11E-12;11429/103172/72170/52637/67892/12850/66445/235339/14194/14555/56637/15925/93757/16548/76824/67273/68202/67130/68194/230075/67264/227197/68349/75406/225887/17995/72900/78330/18293/18597/66681/71701/105675/70673/108099/56351/66945/66052/14385/20916/20917/22273/66694/269523;44;Aco2,Chchd10,Chchd4,Cisd1,Coa6,Coq7,Cyc1,Dlat,Fh1,Gpd1,Gsk3b,Ide,Immp2l,Khk,Mtfr1l,Ndufa10,Ndufa5,Ndufa6,Ndufb4,Ndufb6,Ndufb8,Ndufs1,Ndufs3,Ndufs7,Ndufs8,Ndufv1,Ndufv2,Ndufv3,Ogdh,Pdha1,Pgm2,Pnpt1,Ppif,Prdm16,Prkag2,Ptges3,Sdha,Sdhc,Slc37a4,Sucla2,Suclg2,Uqcrc1,Uqcrfs1,Vcp
198;Goblet.Downregulated_yMB;Goblet;Downregulated_yMB;GO:0140053;mitochondrial gene expression;35/433;166/28891;6,15E-30;1,22E-26;9,65E-27;66077/12261/66121/52469/75619/102060/66419/56282/68537/27395/66448/353242/94064/107734/75398/94065/66223/94066/60441/27393/94067/67308/67212/67840/64659/66407/68565/66973/64660/64658/99045/66230/59054/14548/66416;35;Aurkaip1,C1qbp,Chchd1,Coa3,Fastkd2,Gadd45gip1,Mrpl11,Mrpl12,Mrpl13,Mrpl15,Mrpl20,Mrpl21,Mrpl27,Mrpl30,Mrpl32,Mrpl34,Mrpl35,Mrpl36,Mrpl38,Mrpl39,Mrpl43,Mrpl46,Mrpl55,Mrpl57,Mrps14,Mrps15,Mrps18a,Mrps18b,Mrps24,Mrps25,Mrps26,Mrps28,Mrps30,Mrps33,Ndufa7
203;Goblet.Downregulated_yMB;Goblet;Downregulated_yMB;GO:0006119;oxidative phosphorylation;22/433;147/28891;6,32E-16;3,60E-13;2,83E-13;268697/12858/66445/102060/67184/17991/68202/66416/70316/104130/230075/66916/68197/17993/595136/407785/17995/72900/57320/207728/22272/269523;22;Ccnb1,Cox5a,Cyc1,Gadd45gip1,Ndufa13,Ndufa2,Ndufa5,Ndufa7,Ndufab1,Ndufb11,Ndufb6,Ndufb7,Ndufc2,Ndufs4,Ndufs5,Ndufs6,Ndufv1,Ndufv2,Park7,Pde2a,Uqcrq,Vcp
204;Goblet.Downregulated_yMB;Goblet;Downregulated_yMB;GO:0009117;nucleotide metabolic process;37/433;497/28891;1,42E-15;7,06E-13;5,56E-13;11717/108147/66588/66422/235339/21915/110074/229363/15254/170718/108156/67184/17991/68202/66416/70316/104130/230075/66916/68197/17993/595136/407785/17995/72900/110959/67059/57320/207728/18597/110208/19384/19895/21877/22059/12257/269523;37;Ampd3,Atic,Cmpk1,Dctpp1,Dlat,Dtymk,Dut,Gmps,Hint1,Idh3b,Mthfd1,Ndufa13,Ndufa2,Ndufa5,Ndufa7,Ndufab1,Ndufb11,Ndufb6,Ndufb7,Ndufc2,Ndufs4,Ndufs5,Ndufs6,Ndufv1,Ndufv2,Nudt19,Ola1,Park7,Pde2a,Pdha1,Pgd,Ran,Rpia,Tk1,Trp53,Tspo,Vcp
206;Goblet.Downregulated_yMB;Goblet;Downregulated_yMB;GO:0006457;protein folding;22/433;173/28891;2,07E-14;6,81E-12;5,36E-12;23795/217737/12017/12330/12462/12464/12465/12468/67838/22791/14227/15511/59030/14827/18637/56612/67738/66101/54673/70356/21371/21454;22;Agr2,Ahsa1,Bag1,Canx,Cct3,Cct4,Cct5,Cct7,Dnajb11,Dnajc2,Fkbp2,Hspa1b,Mkks,Pdia3,Pfdn2,Pfdn5,Ppid,Ppih,Sh3glb1,St13,Tbca,Tcp1
207;Goblet.Downregulated_yMB;Goblet;Downregulated_yMB;GO:0033108;mitochondrial respiratory chain complex assembly;18/433;104/28891;2,09E-14;6,81E-12;5,36E-12;52469/12856/68033/67184/17991/68202/70316/104130/230075/66916/68197/17993/595136/407785/69089/68332/68002/66271;18;Coa3,Cox17,Cox19,Ndufa13,Ndufa2,Ndufa5,Ndufab1,Ndufb11,Ndufb6,Ndufb7,Ndufc2,Ndufs4,Ndufs5,Ndufs6,Oxa1l,Sdhaf1,Sdhaf4,Tmem126a
224;Goblet.Upregulated_yMB;Goblet;Upregulated_yMB;GO:0045333;cellular respiration;59/970;254/28891;1,45E-32;2,49E-29;1,78E-29;11428/11814/12359/103172/72170/52637/67892/67914/12861/12865/20463/13063/13382/66148/66114/110842/14555/15926/15929/17449/17448/58805/66128/56428/76824/54405/67273/67130/68375/66108/69702/68198/66495/66377/227197/226646/68349/225887/78330/18293/68943/19017/105675/66494/18747/11848/100126824/66945/67680/66052/66592/20916/68015/67267/66152/66594/22273/67003/66694;59;Aco1,Apoc3,Cat,Chchd10,Chchd4,Cisd1,Coa6,Coq9,Cox6a1,Cox7a1,Cox7a2l,Cycs,Dld,Dnajc15,Dnajc30,Etfa,Gpd1,Idh1,Idh3g,Mdh1,Mdh2,Mlxipl,Mrps36,Mtch2,Mtfr1l,Ndufa1,Ndufa10,Ndufa6,Ndufa8,Ndufa9,Ndufaf1,Ndufb2,Ndufb3,Ndufc1,Ndufs1,Ndufs2,Ndufs3,Ndufs8,Ndufv3,Ogdh,Pink1,Ppargc1a,Ppif,Prelid1,Prkaca,Rhoa,Sco2,Sdha,Sdhb,Sdhc,Stoml2,Sucla2,Trap1,Uqcc2,Uqcr10,Uqcr11,Uqcrc1,Uqcrc2,Uqcrfs1
227;Goblet.Upregulated_yMB;Goblet;Upregulated_yMB;GO:0015980;energy derivation by oxidation of organic compounds;65/970;350/28891;1,15E-29;9,85E-27;7,03E-27;11364/11428/11814/12359/103172/72170/52637/67892/67914/12861/12865/20463/13063/13382/66148/66114/110842/14555/56637/15926/15929/16548/17449/17448/58805/66128/56428/76824/54405/67273/67130/68375/66108/69702/68198/66495/66377/227197/226646/68349/225887/78330/18293/68943/19017/105675/19045/19047/66849/66494/18747/11848/100126824/66945/67680/66052/66592/20916/68015/67267/66152/66594/22273/67003/66694;65;Acadm,Aco1,Apoc3,Cat,Chchd10,Chchd4,Cisd1,Coa6,Coq9,Cox6a1,Cox7a1,Cox7a2l,Cycs,Dld,Dnajc15,Dnajc30,Etfa,Gpd1,Gsk3b,Idh1,Idh3g,Khk,Mdh1,Mdh2,Mlxipl,Mrps36,Mtch2,Mtfr1l,Ndufa1,Ndufa10,Ndufa6,Ndufa8,Ndufa9,Ndufaf1,Ndufb2,Ndufb3,Ndufc1,Ndufs1,Ndufs2,Ndufs3,Ndufs8,Ndufv3,Ogdh,Pink1,Ppargc1a,Ppif,Ppp1ca,Ppp1cc,Ppp1r2,Prelid1,Prkaca,Rhoa,Sco2,Sdha,Sdhb,Sdhc,Stoml2,Sucla2,Trap1,Uqcc2,Uqcr10,Uqcr11,Uqcrc1,Uqcrc2,Uqcrfs1
228;Goblet.Upregulated_yMB;Goblet;Upregulated_yMB;GO:0009117;nucleotide metabolic process;77/970;497/28891;1,81E-29;1,33E-26;9,51E-27;52538/110446/433256/11486/56248/230163/76768/11931/72269/69802/74114/232449/13350/67800/13382/66114/99586/74147/13806/14263/14544/14679/14555/14571/14917/15488/15926/15929/17449/17448/107029/55951/70456/68646/223646/54405/67273/67130/68375/66108/68198/66495/66377/227197/226646/68349/225887/78330/171567/18104/50773/66401/53893/18293/75735/23972/18950/667034/19017/54683/67763/54391/11848/20135/66945/67680/66052/20425/66592/20916/56362/54200/21351/50493/22271/22333/22436;77;Acaa2,Acat1,Acsl5,Ada,Ak3,Aldob,Alpi,Atp1b1,Cda,Cox11,Crot,Dera,Dgat1,Dgat2,Dld,Dnajc30,Dpyd,Ehhadh,Eno1,Fmo5,Gda,Gnai3,Gpd1,Gpd2,Gucy2c,Hsd17b4,Idh1,Idh3g,Mdh1,Mdh2,Me2,Mpc1,Mpc2,Nadk2,Naprt,Ndufa1,Ndufa10,Ndufa6,Ndufa8,Ndufa9,Ndufb2,Ndufb3,Ndufc1,Ndufs1,Ndufs2,Ndufs3,Ndufs8,Ndufv3,Nme7,Nqo1,Nt5c,Nudt2,Nudt5,Ogdh,Pank1,Papss2,Pnp,Pnp2,Ppargc1a,Prdx5,Prpsap1,Rfk,Rhoa,Rrm2,Sdha,Sdhb,Sdhc,Shmt1,Stoml2,Sucla2,Sult1b1,Sult2b1,Taldo1,Txnrd1,Upp1,Vdac1,Xdh
229;Goblet.Upregulated_yMB;Goblet;Upregulated_yMB;GO:0006631;fatty acid metabolic process;73/970;463/28891;1,79E-28;1,15E-25;8,22E-26;19299/54608/113868/52538/11364/11409/11370/110446/67131/11430/433256/11808/11814/54447/11992/234564/102022/234673/72361/12908/74114/68631/109672/72303/76279/13110/64385/102294/13167/13350/67800/13382/51798/93747/23986/69123/74147/13850/110842/14073/14080/14079/16592/14933/625249/68312/14870/15107/97212/231086/15446/15108/15488/231070/16891/66887/226856/66447/68041/58805/20185/22259/18534/72129/19302/16922/18984/19017/96979/67103/20280/26569/106529;73;Abcd3,Abhd2,Acaa1a,Acaa2,Acadm,Acads,Acadvl,Acat1,Acbd4,Acox1,Acsl5,Apoa4,Apoc3,Asah2,Auh,Ces1f,Ces2a,Ces2e,Ces2g,Crat,Crot,Cryl1,Cyb5a,Cyp2c65,Cyp2d26,Cyp2j6,Cyp4f14,Cyp4v3,Dbi,Dgat1,Dgat2,Dld,Ech1,Echs1,Eci2,Eci3,Ehhadh,Ephx2,Etfa,Faah,Fabp1,Fabp2,Fabp5,Gk,Gpx4,Gstm7,Gstp1,Hadh,Hadha,Hadhb,Hpgd,Hsd17b10,Hsd17b4,Insig1,Lipg,Lonp2,Lpgat1,Mgst3,Mid1ip1,Mlxipl,Ncor1,Nr1h3,Pck1,Pex13,Pex2,Phyh,Por,Ppargc1a,Ptges2,Ptgr1,Scp2,Slc27a4,Tecr
244;Goblet.Upregulated_yMB;Goblet;Upregulated_yMB;GO:0016042;lipid catabolic process;53/970;345/28891;1,91E-20;4,28E-18;3,05E-18;67758/19299/54608/113868/52538/11364/11409/11370/110446/11430/433256/11808/238055/11814/54447/11992/234564/109791/227231/12908/74114/64385/13167/13479/93747/23986/69123/74147/110842/14073/14080/15107/97212/231086/15446/15108/15488/67732/15926/226413/16891/66887/18472/110821/18534/72129/19302/16922/20280/26569/57319/21833/22629;53;Aadac,Abcd3,Abhd2,Acaa1a,Acaa2,Acadm,Acads,Acadvl,Acat1,Acox1,Acsl5,Apoa4,Apob,Apoc3,Asah2,Auh,Ces1f,Clps,Cps1,Crat,Crot,Cyp4f14,Dbi,Dpep1,Echs1,Eci2,Eci3,Ehhadh,Etfa,Faah,Fabp1,Hadh,Hadha,Hadhb,Hpgd,Hsd17b10,Hsd17b4,Iah1,Idh1,Lct,Lipg,Lonp2,Pafah1b1,Pcca,Pck1,Pex13,Pex2,Phyh,Scp2,Slc27a4,Smpdl3a,Thra,Ywhah
247;ImmEntero.Downregulated_yMB;ImmEntero;Downregulated_yMB;GO:0043087;regulation of GTPase activity;94/2106;345/28891;7,05E-30;4,23E-26;2,27E-26;109934/231821/347722/11603/11652/235633/69710/212285/211673/228359/75415/70497/544817/71544/230972/622434/54324/54126/109689/12053/110279/20296/12775/23790/231207/12928/20312/227801/319899/67299/105445/13667/13836/13866/14063/218952/13998/66691/16403/26921/212307/17295/270163/17925/83431/18003/53972/233489/18720/227937/18845/140570/109294/19229/226407/241694/228850/78255/19387/380711/229877/76089/192786/268480/218397/114713/19418/242406/78757/13609/105782/97761/217692/74206/237782/217463/20655/20662/20663/57915/209478/70296/100855/66687/233204/381605/67231/223754/67016/71310/24001/64930/98910/232341;94;Abr,Adap1,Agap1,Agrn,Akt2,Als2cl,Arap1,Arap2,Arfgef1,Arhgap1,Arhgap12,Arhgap17,Arhgap27,Arhgap42,Arhgef16,Arhgef26,Arhgef5,Arhgef7,Arrb1,Bcl6,Bcr,Ccl2,Ccr7,Coro1c,Cpeb2,Crk,Cx3cl1,Dennd1a,Dock6,Dock7,Dock9,Eif2b4,Epha2,Erbb2,F2rl1,Fermt2,Fgd6,Gapvd1,Itga6,Map4k4,Mapre2,Met,Myo9a,Myo9b,Ndel1,Nedd9,Ngef,Picalm,Pip5k1a,Pkp4,Plxna2,Plxnb2,Prex2,Ptk2b,Rab3gap1,Ralgapa2,Ralgapb,Ralgps2,Rangap1,Rap1gap2,Rap1gds1,Rapgef2,Rapgef6,Rapgefl1,Rasa1,Rasa2,Rasgrf2,Rgp1,Rictor,S1pr1,Scrib,Sgsm2,Sipa1l1,Sipa1l3,Smcr8,Snx13,Sod1,Sos1,Sos2,Tbc1d1,Tbc1d12,Tbc1d13,Tbc1d14,Tbc1d15,Tbc1d17,Tbc1d2,Tbc1d20,Tbc1d22a,Tbc1d2b,Tbc1d9,Tiam2,Tsc1,Usp6nl,Wnk1
250;ImmEntero.Downregulated_yMB;ImmEntero;Downregulated_yMB;GO:0016236;macroautophagy;71/2106;268/28891;4,14E-22;6,21E-19;3,33E-19;67166/67526/51897/329015/76559/66615/245860/74772/11938/11975/66371/12952/13641/110147/100502841/13844/15251/15194/59026/16145/54396/16542/73158/56048/80877/26409/72175/18145/108155/217893/18571/18704/75669/18711/18786/353047/108079/19164/226407/69834/672511/100502698/93759/237782/75788/67474/244962/268656/18412/20924/209478/100855/56480/27060/21803/22034/68728/64930/94232/22241/29869/72344/230895/80743/269338/218035/72145/268933/192652/74781/217695;71;Arl8b,Atg12,Atg13,Atg2a,Atg2b,Atg4b,Atg9a,Atp13a2,Atp2a2,Atp6v0a1,Chmp4c,Cry1,Efnb1,Ehmt2,Epg5,Ephb2,Hif1a,Htt,Huwe1,Igtp,Irgm2,Kdr,Larp1,Lgals8,Lrba,Map3k7,Mfsd8,Npc1,Ogt,Pacs2,Pdcd6ip,Pik3c2a,Pik3r4,Pikfyve,Plaa,Plekhm1,Prkaa2,Psen1,Rab3gap1,Rab43,Rnf213,Rubcn,Sirt1,Smcr8,Smurf1,Snap29,Snx14,Sptlc1,Sqstm1,Supt5,Tbc1d12,Tbc1d14,Tbk1,Tcirg1,Tgfb1,Traf6,Trp53inp2,Tsc1,Ubqln4,Ulk1,Ulk2,Usp36,Vps13d,Vps16,Vps39,Vps41,Wdfy3,Wdr24,Wdr81,Wipi2,Zfyve1
251;ImmEntero.Downregulated_yMB;ImmEntero;Downregulated_yMB;GO:0046777;protein autophosphorylation;66/2106;238/28891;8,01E-22;9,60E-19;5,15E-19;11350/11479/74772/110279/57261/108058/12389/69131/56398/12747/12748/102414/12750/214897/12388/13144/12305/13205/13548/15467/13666/13866/78943/74155/14254/16210/16337/16179/16452/16542/231876/26401/26403/17169/17295/50932/17346/68473/59126/108737/18479/244895/18711/21770/18750/18753/101540/19229/20459/76108/74012/72065/235344/20874/233789/20779/98267/20963/216965/330177/665113/58800/16589/22241/29869/232341;66;Abl1,Acvr1b,Atp13a2,Bcr,Brd4,Camk2d,Cav1,Cdk12,Chp1,Clk1,Clk2,Clk3,Clk4,Csnk1g1,Ctnnd1,Dapk3,Ddr1,Ddx3x,Dyrk1a,Eif2ak1,Eif2ak3,Erbb2,Ern1,Errfi1,Flt1,Impact,Insr,Irak1,Jak2,Kdr,Lmtk2,Map3k1,Map3k11,Mark3,Met,Mink1,Mknk1,Mob1b,Nek6,Oxsr1,Pak1,Peak1,Pikfyve,Ppp2r5d,Prkca,Prkcd,Prkd2,Ptk2b,Ptk6,Rap2a,Rap2b,Rap2c,Sik2,Slk,Smg1,Src,Stk17b,Syk,Taok1,Taok3,Tnik,Trpm7,Uhmk1,Ulk1,Ulk2,Wnk1
252;ImmEntero.Downregulated_yMB;ImmEntero;Downregulated_yMB;GO:0018105;peptidyl-serine phosphorylation;79/2106;331/28891;2,31E-21;2,31E-18;1,24E-18;11652/11836/109689/67384/12283/227541/108058/12389/12505/12747/215748/232430/93687/104318/214897/110524/67299/13548/69181/13666/208643/78943/216742/333433/15257/15259/16145/16150/56489/54396/16798/50523/231876/26401/26419/17169/17776/546071/328329/17295/17346/58805/17763/59126/18193/108155/18479/238871/18607/83946/18706/18711/18763/109333/105787/18750/18753/18754/18759/101540/19090/19225/78757/20111/110651/72508/58988/170755/233789/232533/20963/56480/21803/21813/24086/16589/22241/29869/232341;79;Akt2,Araf,Arrb1,Bag4,Cab39,Camk1d,Camk2d,Cav1,Cd44,Clk1,Cnksr3,Crebl2,Csnk1a1,Csnk1d,Csnk1g1,Dgkq,Dock7,Dyrk1a,Dyrk2,Eif2ak3,Eif4g1,Ern1,Fnip1,Gpd1l,Hipk1,Hipk3,Igtp,Ikbkb,Ikbke,Irgm2,Lats1,Lats2,Lmtk2,Map3k1,Mapk8,Mark3,Mast2,Mast3,Mast4,Met,Mknk1,Mlxipl,Mtcp1,Nek6,Nsd1,Ogt,Pak1,Pde4d,Pdpk1,Phip,Pik3ca,Pikfyve,Pkd1,Pkn2,Prkaa1,Prkca,Prkcd,Prkce,Prkci,Prkd2,Prkdc,Ptgs2,Rictor,Rps6ka1,Rps6ka3,Rps6kb1,Rps6kb2,Sgk3,Smg1,Stk38l,Syk,Tbk1,Tgfb1,Tgfbr2,Tlk2,Uhmk1,Ulk1,Ulk2,Wnk1
253;ImmEntero.Downregulated_yMB;ImmEntero;Downregulated_yMB;GO:0043161;proteasome-mediated ubiquitin-dependent protein catabolic process;95/2106;451/28891;2,91E-21;2,49E-18;1,33E-18;17222/70797/11789/11836/23806/23807/74125/109689/75452/77987/12006/224727/11797/12330/12389/12488/12753/93687/104318/13132/13198/27362/192193/66967/13666/244373/233902/50789/70611/107035/103583/14155/14629/193740/15511/77125/16396/330171/76788/71765/78913/227619/26419/66244/217365/224109/108155/54644/18521/56469/18786/18854/19164/19179/68477/22644/30945/75234/19822/56353/269016/93759/75788/66313/67296/76857/74126/81004/24086/21927/211770/228775/80890/217069/14897/56404/192653/56228/22215/140630/94232/68795/224111/71472/74841/252870/22284/226757/66894/103573/68818/213753/387524/268721/414872;95;Anapc1,Ankib1,Apc,Araf,Arih1,Arih2,Armc8,Arrb1,Ascc2,Ascc3,Axin2,Bag6,Birc2,Canx,Cav1,Cd2ap,Clock,Csnk1a1,Csnk1d,Dab2,Ddit3,Dnajb9,Edem1,Edem3,Eif2ak3,Erlin2,Fbxl19,Fbxl3,Fbxo33,Fbxo38,Fbxw11,Fem1b,Gclc,Hspa1a,Hspa1b,Il33,Itch,Kctd10,Klhdc10,Klhdc3,Ltn1,Man1b1,Mapk8,Nemf,Nploc4,Nrros,Ogt,Otud5,Pcbp2,Pias1,Plaa,Pml,Psen1,Psmc1,Rmnd5a,Rnf103,Rnf19a,Rnf19b,Rnf4,Rybp,Sh3rf2,Sirt1,Smurf1,Smurf2,Socs4,Spopl,Syvn1,Tbl1xr1,Tlk2,Tnfaip1,Trib1,Trib3,Trim2,Trim25,Trip12,Trip4,Ttc36,Ube2j1,Ube3a,Ube4a,Ubqln4,Ubr3,Ubxn7,Usp19,Usp38,Usp7,Usp9x,Wdr26,Wwp2,Xpo1,Zfand2b,Zfp598,Znrf2,Zswim8,Zyg11b
273;ImmEntero.Upregulated_yMB;ImmEntero;Upregulated_yMB;GO:0006091;generation of precursor metabolites and energy;72/310;484/28891;9,58E-61;3,06E-57;2,40E-57;11522/26876/69117/11674/230163/103172/52637/12857/12858/12859/12861/12866/20463/66142/12868/66445/13063/13382/13806/14121/14194/14433/14555/67834/170718/16548/16828/17449/17448/66128/69875/66414/68202/67130/66416/68375/66108/70316/68342/104130/66495/68194/66046/230075/67264/66218/68197/68349/17993/595136/75406/225887/17995/72900/18648/12034/18746/66494/11848/67680/66052/66925/20656/20916/56451/225913/21991/67530/22273/67003/66694/66576;72;Adh1,Adh4,Adh6a,Aldoa,Aldob,Chchd10,Cisd1,Cox4i1,Cox5a,Cox5b,Cox6a1,Cox7a2,Cox7a2l,Cox7b,Cox8a,Cyc1,Cycs,Dld,Eno1,Fbp1,Fh1,Gapdh,Gpd1,Idh3a,Idh3b,Khk,Ldha,Mdh1,Mdh2,Mrps36,Ndufa11,Ndufa12,Ndufa5,Ndufa6,Ndufa7,Ndufa8,Ndufa9,Ndufab1,Ndufb10,Ndufb11,Ndufb3,Ndufb4,Ndufb5,Ndufb6,Ndufb8,Ndufb9,Ndufc2,Ndufs3,Ndufs4,Ndufs5,Ndufs7,Ndufs8,Ndufv1,Ndufv2,Pgam1,Phb2,Pkm,Prelid1,Rhoa,Sdhb,Sdhc,Sdhd,Sod2,Sucla2,Suclg1,Tkfc,Tpi1,Uqcrb,Uqcrc1,Uqcrc2,Uqcrfs1,Uqcrh
275;ImmEntero.Upregulated_yMB;ImmEntero;Upregulated_yMB;GO:0045333;cellular respiration;57/310;254/28891;1,41E-58;1,50E-55;1,18E-55;103172/52637/12857/12858/12859/12861/12866/20463/66142/12868/66445/13063/13382/14194/14555/67834/170718/17449/17448/66128/69875/66414/68202/67130/66416/68375/66108/70316/68342/104130/66495/68194/66046/230075/67264/66218/68197/68349/17993/595136/75406/225887/17995/72900/66494/11848/67680/66052/66925/20656/20916/56451/67530/22273/67003/66694/66576;57;Chchd10,Cisd1,Cox4i1,Cox5a,Cox5b,Cox6a1,Cox7a2,Cox7a2l,Cox7b,Cox8a,Cyc1,Cycs,Dld,Fh1,Gpd1,Idh3a,Idh3b,Mdh1,Mdh2,Mrps36,Ndufa11,Ndufa12,Ndufa5,Ndufa6,Ndufa7,Ndufa8,Ndufa9,Ndufab1,Ndufb10,Ndufb11,Ndufb3,Ndufb4,Ndufb5,Ndufb6,Ndufb8,Ndufb9,Ndufc2,Ndufs3,Ndufs4,Ndufs5,Ndufs7,Ndufs8,Ndufv1,Ndufv2,Prelid1,Rhoa,Sdhb,Sdhc,Sdhd,Sod2,Sucla2,Suclg1,Uqcrb,Uqcrc1,Uqcrc2,Uqcrfs1,Uqcrh
277;ImmEntero.Upregulated_yMB;ImmEntero;Upregulated_yMB;GO:0015980;energy derivation by oxidation of organic compounds;59/310;350/28891;7,61E-53;4,86E-50;3,81E-50;103172/52637/12857/12858/12859/12861/12866/20463/66142/12868/66445/13063/13382/14194/14555/67834/170718/16548/16828/17449/17448/66128/69875/66414/68202/67130/66416/68375/66108/70316/68342/104130/66495/68194/66046/230075/67264/66218/68197/68349/17993/595136/75406/225887/17995/72900/66494/11848/67680/66052/66925/20656/20916/56451/67530/22273/67003/66694/66576;59;Chchd10,Cisd1,Cox4i1,Cox5a,Cox5b,Cox6a1,Cox7a2,Cox7a2l,Cox7b,Cox8a,Cyc1,Cycs,Dld,Fh1,Gpd1,Idh3a,Idh3b,Khk,Ldha,Mdh1,Mdh2,Mrps36,Ndufa11,Ndufa12,Ndufa5,Ndufa6,Ndufa7,Ndufa8,Ndufa9,Ndufab1,Ndufb10,Ndufb11,Ndufb3,Ndufb4,Ndufb5,Ndufb6,Ndufb8,Ndufb9,Ndufc2,Ndufs3,Ndufs4,Ndufs5,Ndufs7,Ndufs8,Ndufv1,Ndufv2,Prelid1,Rhoa,Sdhb,Sdhc,Sdhd,Sod2,Sucla2,Suclg1,Uqcrb,Uqcrc1,Uqcrc2,Uqcrfs1,Uqcrh
279;ImmEntero.Upregulated_yMB;ImmEntero;Upregulated_yMB;GO:0022904;respiratory electron transport chain;35/310;106/28891;1,10E-42;5,03E-40;3,94E-40;12857/12858/12859/12861/12866/20463/66142/12868/66445/13063/13382/14555/66414/68202/66416/68375/230075/67264/66218/68197/68349/17993/75406/225887/17995/72900/67680/66052/66925/20656/67530/22273/67003/66694/66576;35;Cox4i1,Cox5a,Cox5b,Cox6a1,Cox7a2,Cox7a2l,Cox7b,Cox8a,Cyc1,Cycs,Dld,Gpd1,Ndufa12,Ndufa5,Ndufa7,Ndufa8,Ndufb6,Ndufb8,Ndufb9,Ndufc2,Ndufs3,Ndufs4,Ndufs7,Ndufs8,Ndufv1,Ndufv2,Sdhb,Sdhc,Sdhd,Sod2,Uqcrb,Uqcrc1,Uqcrc2,Uqcrfs1,Uqcrh
281;ImmEntero.Upregulated_yMB;ImmEntero;Upregulated_yMB;GO:0006163;purine nucleotide metabolic process;54/310;444/28891;1,54E-40;5,46E-38;4,27E-38;52538/11486/11637/11674/230163/11821/11931/13382/13806/93685/14555/15254/67834/170718/16828/17449/17448/55951/70456/69875/66414/68202/67130/66416/68375/66108/70316/68342/104130/66495/68194/66046/230075/67264/66218/68197/68349/17993/595136/75406/225887/17995/72900/171567/23972/54683/11848/67680/66052/66925/20916/56451/12257/22333;54;Acaa2,Ada,Ak2,Aldoa,Aldob,Aprt,Atp1b1,Dld,Eno1,Entpd7,Gpd1,Hint1,Idh3a,Idh3b,Ldha,Mdh1,Mdh2,Mpc1,Mpc2,Ndufa11,Ndufa12,Ndufa5,Ndufa6,Ndufa7,Ndufa8,Ndufa9,Ndufab1,Ndufb10,Ndufb11,Ndufb3,Ndufb4,Ndufb5,Ndufb6,Ndufb8,Ndufb9,Ndufc2,Ndufs3,Ndufs4,Ndufs5,Ndufs7,Ndufs8,Ndufv1,Ndufv2,Nme7,Papss2,Prdx5,Rhoa,Sdhb,Sdhc,Sdhd,Sucla2,Suclg1,Tspo,Vdac1
418;TA.Downregulated_yMB;TA;Downregulated_yMB;GO:0022613;ribonucleoprotein complex biogenesis;137/2147;440/28891;1,47E-49;8,76E-46;5,26E-46;66523/56321/56417/239528/11920/245000/213895/12181/53414/13046/320790/432508/269061/66877/77591/67040/66942/56200/228889/13205/67755/69663/78394/71990/72831/208144/13211/192119/14000/26905/13669/226982/13871/50912/227715/56095/330361/216766/230737/217995/234549/15519/75751/226432/229504/18519/215194/224092/353258/66978/67684/56758/100019/52535/18432/234344/98956/433702/17975/217011/57741/100608/230082/70930/74035/433864/75416/110109/67134/59050/19069/67459/18572/75273/64934/235036/19090/27374/67229/328110/68879/56195/67959/110816/236732/83486/24014/22121/268449/19941/19942/66489/57808/67671/19988/20042/20054/20068/20085/66481/66475/57294/100043813/54127/20116/76846/16785/107094/72462/20227/53890/231452/67465/20222/231769/193116/320632/69878/110809/14105/20935/66282/64930/104662/207932/382038/72344/195434/105372/70683/216987/60321/269470/72515/231386/78796/229937;137;2810004N23Rik,Aatf,Adar,Ago2,Atm,Atr,Bms1,Bop1,Bysl,Celf1,Chd7,Cpsf6,Cpsf7,Crnkl1,Ddx10,Ddx17,Ddx18,Ddx21,Ddx27,Ddx3x,Ddx47,Ddx51,Ddx52,Ddx54,Dhx30,Dhx37,Dhx9,Dicer1,Drosha,Eif2s3x,Eif3a,Eif5b,Ercc2,Exosc10,Exosc2,Ftsj3,Gcfc2,Gemin5,Gnl2,Heatr1,Heatr3,Hsp90aa1,Ipo4,Ipo9,Isg20l2,Kat2b,Kri1,Lsg1,Ltv1,Luc7l,Luc7l3,Mbnl1,Mdn1,Mettl17,Mybbp1a,Naf1,Nat10,Ncbp1,Ncl,Nle1,Noc2l,Noc4l,Nol6,Nol8,Nol9,Nom1,Nop14,Nop2,Nop56,Nsa2,Nup88,Nvl,Pdcd11,Pelp1,Pes1,Ppan,Prkdc,Prmt5,Prpf18,Prpf39,Prpf6,Ptbp2,Puf60,Pwp2,Rbm10,Rbm5,Rnasel,Rpl13a,Rpl23a,Rpl26,Rpl27,Rpl35,Rpl35a,Rpl38,Rpl6,Rps12,Rps15,Rps17,Rps19,Rps21,Rps23,Rps27,Rps27rt,Rps28,Rps8,Rps9,Rpsa,Rrp12,Rrp1b,Sart1,Sart3,Sdad1,Sf3a1,Sf3a2,Sfswap,Slu7,Snrnp200,Snrpf,Srsf1,Srsf10,Surf6,Tma16,Tsc1,Tsr1,Urb1,Urb2,Usp36,Utp14b,Utp15,Utp20,Utp6,Wbp11,Wdr3,Wdr43,Ythdc1,Zcchc4,Znhit6
419;TA.Downregulated_yMB;TA;Downregulated_yMB;GO:0006397;mRNA processing;133/2147;496/28891;3,95E-40;1,18E-36;7,09E-37;56417/54194/11834/192160/107951/13046/67772/94230/432508/269061/66877/108062/83410/66642/67480/244672/67040/74351/212880/67755/13204/69192/72162/64340/217207/13211/77411/14359/23879/330361/216766/209416/229279/59013/76936/51810/15499/72459/73473/28036/66978/67684/56758/105559/210529/433702/17975/217827/18458/54196/54624/103135/67367/74737/101471/238831/54633/66801/27374/67229/66921/328110/70052/19134/68879/19205/56195/67959/78697/19647/93686/236732/56275/109095/76938/74111/66810/67039/74213/68272/56190/83486/24014/19826/72462/66880/224903/224902/20227/53890/224432/106583/22668/67465/20222/101943/71514/231769/66660/193116/76793/320632/20637/20639/69878/20658/218543/67288/83701/110809/14105/234373/20926/68188/56403/230908/21379/56070/54723/225160/21841/101214/20462/15547/22185/224836/60321/74320/231386/67302/22687/53861/22184;133;Adar,Akap8l,Aqr,Casc3,Cdk9,Celf1,Chd8,Cpsf1,Cpsf6,Cpsf7,Crnkl1,Cstf2,Cstf2t,Ctnnbl1,Cwc25,Cwf19l2,Ddx17,Ddx23,Ddx46,Ddx47,Dhx15,Dhx16,Dhx36,Dhx38,Dhx8,Dhx9,Esrp2,Fxr1,Fxr2,Gcfc2,Gemin5,Gpkow,Hnrnpa3,Hnrnph1,Hnrnpm,Hnrnpu,Hsf1,Htatsf1,Iws1,Larp7,Luc7l,Luc7l3,Mbnl1,Mbnl2,Mettl14,Ncbp1,Ncl,Nrde2,Pabpc1,Pabpn1,Paf1,Pan2,Paxbp1,Pcf11,Phrf1,Ppwd1,Pqbp1,Prkrip1,Prmt5,Prpf18,Prpf38b,Prpf39,Prpf4,Prpf4b,Prpf6,Ptbp1,Ptbp2,Puf60,Pus7,Rbbp6,Rbfox2,Rbm10,Rbm14,Rbm15b,Rbm17,Rbm19,Rbm22,Rbm25,Rbm26,Rbm28,Rbm38,Rbm5,Rnasel,Rnps1,Rrp1b,Rsrc1,Safb,Safb2,Sart1,Sart3,Scaf4,Scaf8,Sf1,Sf3a1,Sf3a2,Sf3b3,Sfpq,Sfswap,Sltm,Slu7,Snip1,Snrnp200,Snrnp70,Snrpb2,Snrpf,Son,Srek1,Srek1ip1,Srrt,Srsf1,Srsf10,Sugp2,Supt6,Sympk,Syncrip,Tardbp,Tbrg4,Tcerg1,Tfip11,Thoc1,Tia1,Tra2a,Tra2b,Trmt2a,U2af2,Usp49,Wbp11,Wdr33,Ythdc1,Zc3h13,Zpr1,Zranb2,Zrsr2
422;TA.Downregulated_yMB;TA;Downregulated_yMB;GO:0008380;RNA splicing;121/2147;449/28891;8,13E-37;9,71E-34;5,84E-34;11834/217218/192160/56706/56036/13046/12747/12748/102414/12750/66877/66642/67480/244672/67040/74351/212880/67755/13204/69192/64340/217207/13211/77411/233908/14359/23879/330361/216766/209416/229279/59013/76936/51810/72459/117198/73473/18519/28036/66978/67684/56758/105559/210529/433702/17975/217827/18458/67367/20020/238831/54633/66801/27374/67229/66921/328110/70052/19134/68879/19205/56195/67959/78697/93686/236732/75710/56275/109095/76938/74111/66810/67039/68272/56190/83486/19826/72462/66880/20227/53890/22668/67465/20222/101943/71514/231769/67760/193116/76793/320632/20637/20639/69878/20658/218543/67288/110809/14105/234373/56790/20926/56403/230908/56070/54723/225160/21841/101214/20462/100683/22185/216825/224836/60321/231386/67302/18139/22687/53861/22184;121;Aqr,Atxn7l3,Casc3,Ccnl1,Ccnl2,Celf1,Clk1,Clk2,Clk3,Clk4,Crnkl1,Ctnnbl1,Cwc25,Cwf19l2,Ddx17,Ddx23,Ddx46,Ddx47,Dhx15,Dhx16,Dhx38,Dhx8,Dhx9,Esrp2,Fus,Fxr1,Fxr2,Gcfc2,Gemin5,Gpkow,Hnrnpa3,Hnrnph1,Hnrnpm,Hnrnpu,Htatsf1,Ivns1abp,Iws1,Kat2b,Larp7,Luc7l,Luc7l3,Mbnl1,Mbnl2,Mettl14,Ncbp1,Ncl,Nrde2,Pabpc1,Paxbp1,Polr2a,Ppwd1,Pqbp1,Prkrip1,Prmt5,Prpf18,Prpf38b,Prpf39,Prpf4,Prpf4b,Prpf6,Ptbp1,Ptbp2,Puf60,Pus7,Rbfox2,Rbm10,Rbm12,Rbm14,Rbm15b,Rbm17,Rbm19,Rbm22,Rbm25,Rbm28,Rbm38,Rbm5,Rnps1,Rrp1b,Rsrc1,Sart1,Sart3,Sf1,Sf3a1,Sf3a2,Sf3b3,Sfpq,Sfswap,Slc38a2,Slu7,Snip1,Snrnp200,Snrnp70,Snrpb2,Snrpf,Son,Srek1,Srek1ip1,Srsf1,Srsf10,Sugp2,Supt20,Supt6,Syncrip,Tardbp,Tcerg1,Tfip11,Thoc1,Tia1,Tra2a,Tra2b,Trrap,U2af2,Usp22,Usp49,Wbp11,Ythdc1,Zc3h13,Zfp638,Zpr1,Zranb2,Zrsr2
423;TA.Downregulated_yMB;TA;Downregulated_yMB;GO:0006913;nucleocytoplasmic transport;95/2147;359/28891;1,82E-28;1,55E-25;9,32E-26;56417/213990/226747/75547/54194/67628/29810/12021/12051/192160/12550/432508/110750/329506/13211/70686/13654/74203/328572/66306/192176/234549/15519/76582/75751/70572/233726/226432/73473/16480/16646/16648/16649/16650/16211/16905/224092/353258/100019/208104/433702/66244/18015/230082/70769/18128/217827/234865/218210/170762/227699/54563/227720/18226/445007/19069/68051/54196/83946/18763/18767/18969/107939/19225/19247/19386/71810/19387/236732/109095/66810/20054/66880/231452/235626/75788/18412/58231/20926/20963/230908/225160/238799/212999/320938/103213/64930/70790/232341/72322/74204/231386/70579/269800/22687;95;Adar,Agap3,Ahctf1,Akap13,Akap8l,Anp32b,Bag3,Bard1,Bcl3,Casc3,Cdh1,Cpsf6,Cse1l,Ctdspl2,Dhx9,Dusp16,Egr2,Eif4enif1,Ep300,Fam53c,Flna,Heatr3,Hsp90aa1,Ipo11,Ipo4,Ipo5,Ipo7,Ipo9,Iws1,Jup,Kpna1,Kpna3,Kpna4,Kpna6,Kpnb1,Lmna,Lsg1,Ltv1,Mdn1,Mlxip,Ncbp1,Nemf,Nf1,Nol6,Nolc1,Notch1,Nrde2,Nup133,Nup153,Nup155,Nup188,Nup210,Nup214,Nup62,Nup85,Nup88,Nutf2,Pabpn1,Phip,Pkd1,Pkia,Pola2,Pom121,Ptgs2,Ptpn11,Ranbp2,Ranbp3,Rangap1,Rbm10,Rbm15b,Rbm22,Rps15,Rsrc1,Sdad1,Setd2,Smurf1,Sqstm1,Stk4,Supt6,Syk,Tardbp,Thoc1,Tnpo1,Tnpo2,Tnpo3,Traf3ip2,Tsc1,Ubr5,Wnk1,Xpo5,Xpo6,Ythdc1,Zc3h11a,Zfp384,Zpr1
427;TA.Downregulated_yMB;TA;Downregulated_yMB;GO:0006364;rRNA processing;67/2147;215/28891;7,83E-25;4,67E-22;2,81E-22;213895/12181/53414/320790/77591/67040/66942/56200/228889/67755/69663/78394/71990/208144/192119/14000/13871/50912/227715/56095/217995/18519/215194/234344/98956/17975/230082/70930/74035/75416/110109/59050/67459/18572/75273/64934/235036/19090/110816/24014/19941/19942/66489/57808/20054/20068/20085/66481/57294/100043813/54127/20116/107094/72462/20227/104662/207932/72344/195434/105372/70683/216987/60321/269470/72515/78796/229937;67;Bms1,Bop1,Bysl,Chd7,Ddx10,Ddx17,Ddx18,Ddx21,Ddx27,Ddx47,Ddx51,Ddx52,Ddx54,Dhx37,Dicer1,Drosha,Ercc2,Exosc10,Exosc2,Ftsj3,Heatr1,Kat2b,Kri1,Naf1,Nat10,Ncl,Nol6,Nol8,Nol9,Nop14,Nop2,Nsa2,Nvl,Pdcd11,Pelp1,Pes1,Ppan,Prkdc,Pwp2,Rnasel,Rpl26,Rpl27,Rpl35,Rpl35a,Rps15,Rps17,Rps19,Rps21,Rps27,Rps27rt,Rps28,Rps8,Rrp12,Rrp1b,Sart1,Tsr1,Urb1,Usp36,Utp14b,Utp15,Utp20,Utp6,Wbp11,Wdr3,Wdr43,Zcchc4,Znhit6
443;TA.Upregulated_yMB;TA;Upregulated_yMB;GO:0006091;generation of precursor metabolites and energy;89/550;484/28891;7,93E-61;3,31E-57;2,40E-57;11429/11522/26876/11532/69117/11674/230163/11814/12028/103172/14004/52637/12857/12858/12859/12861/12865/12866/20463/66142/12868/66445/13063/13350/13382/13806/110842/14121/14194/14433/14555/14751/67834/170718/15929/16155/16548/16828/17449/17448/66128/56428/69875/66414/17992/68202/67130/66416/68375/66108/70316/68342/104130/68194/66046/230075/67264/66218/68197/227197/68349/17993/595136/225887/17995/72900/18597/18648/12034/18746/19047/66494/56351/11848/66945/67680/66052/66925/20656/20916/56451/21351/225913/21991/67530/22273/67003/66694/66576;89;Aco2,Adh1,Adh4,Adh5,Adh6a,Aldoa,Aldob,Apoc3,Bax,Chchd10,Chchd2,Cisd1,Cox4i1,Cox5a,Cox5b,Cox6a1,Cox7a1,Cox7a2,Cox7a2l,Cox7b,Cox8a,Cyc1,Cycs,Dgat1,Dld,Eno1,Etfa,Fbp1,Fh1,Gapdh,Gpd1,Gpi1,Idh3a,Idh3b,Idh3g,Il10rb,Khk,Ldha,Mdh1,Mdh2,Mrps36,Mtch2,Ndufa11,Ndufa12,Ndufa4,Ndufa5,Ndufa6,Ndufa7,Ndufa8,Ndufa9,Ndufab1,Ndufb10,Ndufb11,Ndufb4,Ndufb5,Ndufb6,Ndufb8,Ndufb9,Ndufc2,Ndufs1,Ndufs3,Ndufs4,Ndufs5,Ndufs8,Ndufv1,Ndufv2,Pdha1,Pgam1,Phb2,Pkm,Ppp1cc,Prelid1,Ptges3,Rhoa,Sdha,Sdhb,Sdhc,Sdhd,Sod2,Sucla2,Suclg1,Taldo1,Tkfc,Tpi1,Uqcrb,Uqcrc1,Uqcrc2,Uqcrfs1,Uqcrh
444;TA.Upregulated_yMB;TA;Upregulated_yMB;GO:0045333;cellular respiration;67/550;254/28891;9,77E-57;2,04E-53;1,48E-53;11429/11814/12028/103172/14004/52637/12857/12858/12859/12861/12865/12866/20463/66142/12868/66445/13063/13382/110842/14194/14555/67834/170718/15929/16155/17449/17448/66128/56428/69875/66414/68202/67130/66416/68375/66108/70316/68342/104130/68194/66046/230075/67264/66218/68197/227197/68349/17993/595136/225887/17995/72900/18597/66494/11848/66945/67680/66052/66925/20656/20916/56451/67530/22273/67003/66694/66576;67;Aco2,Apoc3,Bax,Chchd10,Chchd2,Cisd1,Cox4i1,Cox5a,Cox5b,Cox6a1,Cox7a1,Cox7a2,Cox7a2l,Cox7b,Cox8a,Cyc1,Cycs,Dld,Etfa,Fh1,Gpd1,Idh3a,Idh3b,Idh3g,Il10rb,Mdh1,Mdh2,Mrps36,Mtch2,Ndufa11,Ndufa12,Ndufa5,Ndufa6,Ndufa7,Ndufa8,Ndufa9,Ndufab1,Ndufb10,Ndufb11,Ndufb4,Ndufb5,Ndufb6,Ndufb8,Ndufb9,Ndufc2,Ndufs1,Ndufs3,Ndufs4,Ndufs5,Ndufs8,Ndufv1,Ndufv2,Pdha1,Prelid1,Rhoa,Sdha,Sdhb,Sdhc,Sdhd,Sod2,Sucla2,Suclg1,Uqcrb,Uqcrc1,Uqcrc2,Uqcrfs1,Uqcrh
447;TA.Upregulated_yMB;TA;Upregulated_yMB;GO:0006119;oxidative phosphorylation;49/550;147/28891;3,22E-47;2,69E-44;1,95E-44;11814/103172/14004/12857/12858/12859/12861/12865/12866/20463/66142/12868/66445/13063/13382/56428/69875/66414/68202/67130/66416/68375/66108/70316/68342/104130/68194/66046/230075/67264/66218/68197/227197/68349/17993/595136/225887/17995/72900/11848/66945/67680/66052/66925/67530/22273/67003/66694/66576;49;Apoc3,Chchd10,Chchd2,Cox4i1,Cox5a,Cox5b,Cox6a1,Cox7a1,Cox7a2,Cox7a2l,Cox7b,Cox8a,Cyc1,Cycs,Dld,Mtch2,Ndufa11,Ndufa12,Ndufa5,Ndufa6,Ndufa7,Ndufa8,Ndufa9,Ndufab1,Ndufb10,Ndufb11,Ndufb4,Ndufb5,Ndufb6,Ndufb8,Ndufb9,Ndufc2,Ndufs1,Ndufs3,Ndufs4,Ndufs5,Ndufs8,Ndufv1,Ndufv2,Rhoa,Sdha,Sdhb,Sdhc,Sdhd,Uqcrb,Uqcrc1,Uqcrc2,Uqcrfs1,Uqcrh
448;TA.Upregulated_yMB;TA;Upregulated_yMB;GO:0022904;respiratory electron transport chain;40/550;106/28891;3,00E-41;2,09E-38;1,51E-38;14004/12857/12858/12859/12861/12865/12866/20463/66142/12868/66445/13063/13382/110842/14555/56428/66414/68202/66416/68375/230075/67264/66218/68197/227197/68349/17993/225887/17995/72900/66945/67680/66052/66925/20656/67530/22273/67003/66694/66576;40;Chchd2,Cox4i1,Cox5a,Cox5b,Cox6a1,Cox7a1,Cox7a2,Cox7a2l,Cox7b,Cox8a,Cyc1,Cycs,Dld,Etfa,Gpd1,Mtch2,Ndufa12,Ndufa5,Ndufa7,Ndufa8,Ndufb6,Ndufb8,Ndufb9,Ndufc2,Ndufs1,Ndufs3,Ndufs4,Ndufs8,Ndufv1,Ndufv2,Sdha,Sdhb,Sdhc,Sdhd,Sod2,Uqcrb,Uqcrc1,Uqcrc2,Uqcrfs1,Uqcrh
452;TA.Upregulated_yMB;TA;Upregulated_yMB;GO:0042775;mitochondrial ATP synthesis coupled electron transport;35/550;80/28891;5,44E-39;2,27E-36;1,64E-36;14004/12857/12858/12859/12861/12865/12866/20463/66142/12868/66445/13063/13382/56428/66414/66416/68375/230075/67264/66218/68197/227197/68349/225887/17995/72900/66945/67680/66052/66925/67530/22273/67003/66694/66576;35;Chchd2,Cox4i1,Cox5a,Cox5b,Cox6a1,Cox7a1,Cox7a2,Cox7a2l,Cox7b,Cox8a,Cyc1,Cycs,Dld,Mtch2,Ndufa12,Ndufa7,Ndufa8,Ndufb6,Ndufb8,Ndufb9,Ndufc2,Ndufs1,Ndufs3,Ndufs8,Ndufv1,Ndufv2,Sdha,Sdhb,Sdhc,Sdhd,Uqcrb,Uqcrc1,Uqcrc2,Uqcrfs1,Uqcrh